Workbook

Sheet Hoja1
A1: Apoyo | B1: Coordenada en X | C1: Coordenada en Y | D1: Vano | E1: Flecha
A2: AP-129 | B2: 0 | C2: 371 | E2: =IF(D2=0,0,VLOOKUP(ROUND(D2,-1),Tensionados!$A$12:$O$310,14,0)) -> 0
A3: AP-130 | B3: 26.2 | C3: 371 | D3: 26.2 | E3: =IF(D3=0,0,VLOOKUP(ROUND(D3,-1),Tensionados!$A$12:$O$310,14,0)) -> 0.1523985
A4: AP-131 | B4: 148 | C4: 371 | D4: 121.8 | E4: =IF(D4=0,0,VLOOKUP(ROUND(D4,-1),Tensionados!$A$12:$O$310,14,0)) -> 2.169257
A5: AP-132 | B5: 222 | C5: 371 | D5: 74 | E5: =IF(D5=0,0,VLOOKUP(ROUND(D5,-1),Tensionados!$A$12:$O$310,14,0)) -> 0.77434342
A6: AP-133 | B6: 338 | C6: 372 | D6: 116 | E6: =IF(D6=0,0,VLOOKUP(ROUND(D6,-1),Tensionados!$A$12:$O$310,14,0)) -> 2.169257
A7: AP-134 | B7: 426 | C7: 374 | D7: 88 | E7: =IF(D7=0,0,VLOOKUP(ROUND(D7,-1),Tensionados!$A$12:$O$310,14,0)) -> 1.2500671
A8: AP-135 | B8: 547 | C8: 377 | D8: 121 | E8: =IF(D8=0,0,VLOOKUP(ROUND(D8,-1),Tensionados!$A$12:$O$310,14,0)) -> 2.169257
A9: AP-136 | B9: 660 | C9: 378 | D9: 113 | E9: =IF(D9=0,0,VLOOKUP(ROUND(D9,-1),Tensionados!$A$12:$O$310,14,0)) -> 1.8352821
A10: AP-137 | B10: 772 | C10: 378 | D10: 112 | E10: =IF(D10=0,0,VLOOKUP(ROUND(D10,-1),Tensionados!$A$12:$O$310,14,0)) -> 1.8352821
A11: AP-138 | B11: 900 | C11: 377 | D11: 128 | E11: =IF(D11=0,0,VLOOKUP(ROUND(D11,-1),Tensionados!$A$12:$O$310,14,0)) -> 2.5309759
A12: AP-139 | B12: 1060 | C12: 377 | D12: 160 | E12: =IF(D12=0,0,VLOOKUP(ROUND(D12,-1),Tensionados!$A$12:$O$310,14,0)) -> 3.7836333
A13: AP-140 | B13: 1170 | C13: 376 | D13: 110 | E13: =IF(D13=0,0,VLOOKUP(ROUND(D13,-1),Tensionados!$A$12:$O$310,14,0)) -> 1.8352821
A14: AP-141 | B14: 1280 | C14: 372 | D14: 110 | E14: =IF(D14=0,0,VLOOKUP(ROUND(D14,-1),Tensionados!$A$12:$O$310,14,0)) -> 1.8352821
... A24: AP-151 | B24: 2570 | C24: 373 | D24: 50 | E24: =IF(D24=0,0,VLOOKUP(ROUND(D24,-1),Tensionados!$A$12:$O$310,14,0)) -> 0.4077111

Sheet Tensionados
A1: Cálculo mecánico para conductores de baja y media tensión
A4: Características del conductor
A5: Calibre | B5: Sección transversal (mm^2) | C5: Carga de rotura (Kg) | D5: Peso neto (Kg/m) | E5: Módulo de elasticidad (Kg/mm^2) | F5: Coeficiente de dilatación (1/°C) | G5: Diámetro externo (mm)
A6: 2/0 ECO | B6: 88.74 | C6: 2404 | D6: 0.5486 | E6: 8056 | F6: 1.91e-05 | G6: 16.696854
A9: Vano (a) | B9: Trabajo Diario | D9: Fluencia | G9: Flecha Mínima | J9: Carga Máxima | M9: Flecha Máxima
B10: T2 | C10: UTS | D10: T2 | E10: Flecha (m) | F10: UTS | G10: T2 | H10: Flecha (m) | I10: UTS | J10: T2 | K10: Flecha (m) | L10: UTS | M10: T2 | N10: Flecha (m) | O10: UTS
A12: 10 | B12: 496.75 | C12: 0.25 | D12: 689.08751 | E12: 0.0099515663 | F12: 0.34679794 | G12: 553.58102 | H12: 0.012387527 | I12: 0.27860142 | J12: 553.58341 | K12: 0.012392596 | L12: 0.27860262 | M12: 392.61865 | N12: 0.017466058 | O12: 0.19759369
A13: 15 | B13: 495.58118 | C13: 0.24941176 | D13: 686.63037 | E13: 0.022471151 | F13: 0.34556134 | G13: 552.41791 | H13: 0.02793062 | I13: 0.27801606 | J13: 552.42325 | K13: 0.0279419 | L13: 0.27801875 | M13: 394.89054 | N13: 0.039072536 | O13: 0.19873706
A14: 20 | B14: 494.41235 | C14: 0.24882353 | D14: 683.24695 | E14: 0.040146538 | F14: 0.34385856 | G14: 550.83974 | H14: 0.049796698 | I14: 0.27722181 | J14: 550.84911 | K14: 0.049816443 | L14: 0.27722653 | M14: 397.82644 | N14: 0.068949665 | O14: 0.20021462
A15: 25 | B15: 493.24353 | C15: 0.24823529 | D15: 678.99308 | E15: 0.063121961 | F15: 0.34171771 | G15: 548.89309 | H15: 0.078083284 | I15: 0.27624212 | J15: 548.9075 | K15: 0.078113523 | L15: 0.27624937 | M15: 401.24505 | N15: 0.10681596 | O15: 0.2019351
A16: 30 | B16: 492.07471 | C16: 0.24764706 | D16: 673.93935 | E16: 0.091577232 | F16: 0.33917431 | G16: 546.63312 | H16: 0.11290479 | I16: 0.27510474 | J16: 546.65344 | K16: 0.11294728 | L16: 0.27511497 | M16: 404.97446 | N16: 0.1523985 | O16: 0.20381201
A17: 35 | B17: 490.90588 | C17: 0.24705882 | D17: 668.1699 | E17: 0.12572308 | F17: 0.33627071 | G17: 544.12036 | H17: 0.15438565 | I17: 0.27384014 | J17: 544.14736 | K17: 0.15444183 | L17: 0.27385373 | M17: 408.86705 | N17: 0.20545645 | O17: 0.20577104
A18: 40 | B18: 489.73706 | C18: 0.24647059 | D18: 661.78071 | E18: 0.1657951 | F18: 0.33305521 | G18: 541.41752 | H18: 0.20265321 | I18: 0.27247988 | J18: 541.4518 | K18: 0.20272418 | L18: 0.27249713 | M18: 412.805 | N18: 0.26579135 | O18: 0.20775289
A19: 45 | B19: 488.56824 | C19: 0.24588235 | D19: 654.87725 | E19: 0.21204642 | F19: 0.3295809 | G19: 538.58634 | H19: 0.25783122 | I19: 0.27105503 | J19: 538.62834 | K19: 0.25791773 | L19: 0.27107617 | M19: 416.69964 | N19: 0.33324813 | O19: 0.20971295
A20: 50 | B20: 487.39941 | C20: 0.24529412 | D20: 647.5716 | E20: 0.26473907 | F20: 0.32590418 | G20: 535.68484 | H20: 0.32003426 | I20: 0.26959479 | J20: 535.73486 | K20: 0.32013671 | L20: 0.26961996 | M20: 420.48769 | N20: 0.4077111 | O20: 0.21161937
A21: 55 | B21: 486.23059 | C21: 0.24470588 | D21: 639.97888 | E21: 0.32413472 | F21: 0.32208298 | G21: 532.76521 | H21: 0.38936359 | I21: 0.26812542 | J21: 532.82337 | K21: 0.38948209 | L21: 0.26815469 | M21: 424.12655 | N21: 0.48909783 | O21: 0.2134507
A22: 60 | B22: 485.06176 | C22: 0.24411765 | D22: 632.2135 | E22: 0.39048517 | F22: 0.31817489 | G22: 529.87232 | H22: 0.46590469 | I22: 0.26666951 | J22: 529.93862 | K22: 0.46603904 | L22: 0.26670288 | M22: 427.5896 | N22: 0.57735267 | O22: 0.21519356
A23: 65 | B23: 483.89294 | C23: 0.24352941 | D23: 624.38516 | E23: 0.46402348 | F23: 0.31423511 | G23: 527.04308 | H23: 0.54972617 | I23: 0.26524564 | J23: 527.1174 | K23: 0.54987596 | L23: 0.26528304 | M23: 430.86225 | N23: 0.67244084 | O23: 0.21684059
... A130: 600 | B130: 358.82882 | C130: 0.18058824 | D130: 484.39892 | E130: 50.964193 | F130: 0.24378406 | G130: 482.05297 | H130: 51.212215 | I130: 0.24260341 | J130: 482.24891 | K130: 51.212576 | L130: 0.24270202 | M130: 479.28156 | N130: 51.508345 | O130: 0.24120864
A131: 605 | B131: #REF! | C131: #REF! | D131: #REF! | E131: #REF! | F131: #REF! | G131: #REF! | H131: #REF! | I131: #REF! | J131: #REF! | K131: #REF! | L131: #REF! | M131: #REF! | N131: #REF! | O131: #REF!
A132: 610 | B132: #REF! | C132: #REF! | D132: #REF! | E132: #REF! | F132: #REF! | G132: #REF! | H132: #REF! | I132: #REF! | J132: #REF! | K132: #REF! | L132: #REF! | M132: #REF! | N132: #REF! | O132: #REF!
A133: 615 | B133: #REF! | C133: #REF! | D133: #REF! | E133: #REF! | F133: #REF! | G133: #REF! | H133: #REF! | I133: #REF! | J133: #REF! | K133: #REF! | L133: #REF! | M133: #REF! | N133: #REF! | O133: #REF!
A134: 620 | B134: #REF! | C134: #REF! | D134: #REF! | E134: #REF! | F134: #REF! | G134: #REF! | H134: #REF! | I134: #REF! | J134: #REF! | K134: #REF! | L134: #REF! | M134: #REF! | N134: #REF! | O134: #REF!
A135: 625 | B135: #REF! | C135: #REF! | D135: #REF! | E135: #REF! | F135: #REF! | G135: #REF! | H135: #REF! | I135: #REF! | J135: #REF! | K135: #REF! | L135: #REF! | M135: #REF! | N135: #REF! | O135: #REF!
A136: 630 | B136: #REF! | C136: #REF! | D136: #REF! | E136: #REF! | F136: #REF! | G136: #REF! | H136: #REF! | I136: #REF! | J136: #REF! | K136: #REF! | L136: #REF! | M136: #REF! | N136: #REF! | O136: #REF!
A137: 635 | B137: #REF! | C137: #REF! | D137: #REF! | E137: #REF! | F137: #REF! | G137: #REF! | H137: #REF! | I137: #REF! | J137: #REF! | K137: #REF! | L137: #REF! | M137: #REF! | N137: #REF! | O137: #REF!
A138: 640 | B138: #REF! | C138: #REF! | D138: #REF! | E138: #REF! | F138: #REF! | G138: #REF! | H138: #REF! | I138: #REF! | J138: #REF! | K138: #REF! | L138: #REF! | M138: #REF! | N138: #REF! | O138: #REF!
A139: 645 | B139: #REF! | C139: #REF! | D139: #REF! | E139: #REF! | F139: #REF! | G139: #REF! | H139: #REF! | I139: #REF! | J139: #REF! | K139: #REF! | L139: #REF! | M139: #REF! | N139: #REF! | O139: #REF!
A140: 650 | B140: #REF! | C140: #REF! | D140: #REF! | E140: #REF! | F140: #REF! | G140: #REF! | H140: #REF! | I140: #REF! | J140: #REF! | K140: #REF! | L140: #REF! | M140: #REF! | N140: #REF! | O140: #REF!
A141: 655 | B141: #REF! | C141: #REF! | D141: #REF! | E141: #REF! | F141: #REF! | G141: #REF! | H141: #REF! | I141: #REF! | J141: #REF! | K141: #REF! | L141: #REF! | M141: #REF! | N141: #REF! | O141: #REF!
A142: 660 | B142: #REF! | C142: #REF! | D142: #REF! | E142: #REF! | F142: #REF! | G142: #REF! | H142: #REF! | I142: #REF! | J142: #REF! | K142: #REF! | L142: #REF! | M142: #REF! | N142: #REF! | O142: #REF!
... A309: 1495 | B309: #REF! | C309: #REF! | D309: #REF! | E309: #REF! | F309: #REF! | G309: #REF! | H309: #REF! | I309: #REF! | J309: #REF! | K309: #REF! | L309: #REF! | M309: #REF! | N309: #REF! | O309: #REF!
A310: 1500 | B310: #REF! | C310: #REF! | D310: #REF! | E310: #REF! | F310: #REF! | G310: #REF! | H310: #REF! | I310: #REF! | J310: #REF! | K310: #REF! | L310: #REF! | M310: #REF! | N310: #REF! | O310: #REF! | Q310: 100 | R310: #REF! | S310: #REF!
